Dataset,Folder,Video File,"Category (Clear morning, Low-light, Foggy, Raining, ..) use ""+"" for multiple categories",Duration (in seconds),Frames,Resolution,Car,Truck,Bus,Bike,Others,Actual Vehicle Count,Vehicle Density (Count / Duration),Analysed by? (Write your name only after entering the video details),Reviewed By?,Review Status,Review Comment,Flag
179_videos,179_Videos,v1.mp4,"Morning, Clear",19.99,599,720p,28,3,0,0,0,31,1.55,Swapnanjan,Joydeep,Pass,,179_videos-Swapnanjan
179_videos,179_Videos,v2.mp4,"Morning, Clear",19.99,599,720p,26,5,0,0,0,31,1.55,Swapnanjan,Joydeep,Pass,,179_videos-Swapnanjan
179_videos,179_Videos,v3.mp4,"Morning, Clear",19.99,599,720p,30,1,0,0,0,31,1.55,Swapnanjan,Joydeep,Pass,,179_videos-Swapnanjan
179_videos,179_Videos,v4.mp4,"Morning, Clear",19.99,599,720p,31,0,0,0,0,31,1.55,Swapnanjan,Joydeep,Pass,,179_videos-Swapnanjan
179_videos,179_Videos,v5.mp4,"Morning, Clear",19.99,599,720p,35,0,0,0,0,35,1.75,Swapnanjan,Joydeep,Pass,,179_videos-Swapnanjan
179_videos,179_Videos,v6.mp4,"Morning, Clear",19.99,599,720p,28,3,1,0,0,32,1.6,Swapnanjan,Joydeep,Pass,,179_videos-Swapnanjan
179_videos,179_Videos,v7.mp4,"Morning, Clear",19.99,599,720p,25,3,2,0,0,30,1.5,Swapnanjan,Joydeep,Pass,,179_videos-Swapnanjan
179_videos,179_Videos,v8.mp4,"Morning, Clear",19.99,599,720p,29,4,0,0,0,33,1.65,Joydeep,Devjyoti,Pass,,179_videos-Joydeep
179_videos,179_Videos,v9.mp4,"Morning, Clear",19.99,599,720p,23,0,1,0,0,24,1.2,Joydeep,Devjyoti,Pass,,179_videos-Joydeep
179_videos,179_Videos,v10.mp4,"Morning, Clear",19.99,599,720p,28,0,1,0,0,29,1.45,Joydeep,Dipayan,Pass,,179_videos-Joydeep
179_videos,179_Videos,v11.mp4,"Morning, Clear",19.99,599,720p,28,1,1,0,0,30,1.5,Joydeep,Devjyoti,Pass,,179_videos-Joydeep
179_videos,179_Videos,v12.mp4,"Morning, Clear",19.99,599,720p,23,2,0,0,0,25,1.25,Joydeep,Devjyoti,Pass,,179_videos-Joydeep
179_videos,179_Videos,v13.mp4,"Morning, Clear",19.99,599,720p,28,2,1,0,0,31,1.55,Joydeep,Devjyoti,Pass,,179_videos-Joydeep
179_videos,179_Videos,v14.mp4,"Morning, Clear",19.99,599,720p,31,2,0,0,0,33,1.65,Joydeep,Devjyoti,Pass,,179_videos-Joydeep
179_videos,179_Videos,v15.mp4,"Morning, Clear",19.99,599,720p,27,3,0,0,0,30,1.5,Joydeep,Devjyoti,Pass,,179_videos-Joydeep
179_videos,179_Videos,v16.mp4,"Morning, Clear",19.99,599,720p,28,1,0,0,0,29,1.45,Joydeep,Devjyoti,Pass,,179_videos-Joydeep
179_videos,179_Videos,v17.mp4,"Morning, Clear",19.99,599,720p,32,2,0,0,0,34,1.7,Joydeep,Devjyoti,Pass,,179_videos-Joydeep
179_videos,179_Videos,v18.mp4,"Morning, Clear",19.99,599,720p,41,0,0,0,0,41,2.05,Joydeep,Devjyoti,Pass,,179_videos-Joydeep
179_Videos,179_Videos,v19.mp4,"Morning, Clear",19.99,599,720p,32,4,0,0,0,36,1.8,Joydeep,Devjyoti,Pass,,179_Videos-Joydeep
179_Videos,179_Videos,v20.mp4,"Morning, Clear",19.99,599,720p,30,0,0,0,0,30,1.5,Joydeep,Devjyoti,Pass,,179_Videos-Joydeep
179_Videos,179_Videos,v21.mp4,"Morning, Clear",19.99,599,720p,40,0,1,0,0,41,2.05,Joydeep,Devjyoti,Pass,,179_Videos-Joydeep
179_Videos,179_Videos,v22.mp4,"Morning, Clear",19.99,599,720p,32,2,0,0,0,34,1.7,Joydeep,Devjyoti,Pass,,179_Videos-Joydeep
179_Videos,179_Videos,v23.mp4,"Morning, Clear",19.99,599,720p,35,0,0,0,0,35,1.75,Joydeep,Devjyoti,Pass,,179_Videos-Joydeep
179_Videos,179_Videos,v24.mp4,"Morning, Clear",19.99,599,720p,29,2,0,0,0,31,1.55,Joydeep,Devjyoti,Pass,,179_Videos-Joydeep
179_Videos,179_Videos,v25.mp4,"Morning, Clear",19.99,599,720p,31,0,0,0,0,31,1.55,Joydeep,Devjyoti,Pass,,179_Videos-Joydeep
179_Videos,179_Videos,v26.mp4,"Morning, Clear",19.99,599,720p,30,1,0,0,0,31,1.55,Joydeep,Devjyoti,Pass,,179_Videos-Joydeep
179_Videos,179_Videos,v27.mp4,"Morning, Clear",19.99,599,720p,27,0,0,0,0,27,1.35,Joydeep,Devjyoti,Pass,,179_Videos-Joydeep
179_Videos,179_Videos,v28.mp4,"Morning, Clear",19.99,599,720p,46,0,0,0,0,46,2.3,Joydeep,Devjyoti,Pass,,179_Videos-Joydeep
179_Videos,179_Videos,v29.mp4,"Morning, Clear",19.99,599,720p,32,0,0,0,0,32,1.6,Joydeep,Devjyoti,Pass,,179_Videos-Joydeep
179_Videos,179_Videos,v30.mp4,"Morning, Clear",19.99,599,720p,30,0,0,0,0,30,1.5,Joydeep,Devjyoti,Pass,,179_Videos-Joydeep
179_Videos,179_Videos,v31.mp4,"Morning, Clear",19.99,599,720p,37,3,0,0,0,40,2,Joydeep,Devjyoti,Pass,,179_Videos-Joydeep
179_Videos,179_Videos,v32.mp4,"Morning, Clear",19.99,599,720p,28,2,0,0,0,30,1.5,Joydeep,Devjyoti,Pass,,179_Videos-Joydeep
179_Videos,179_Videos,v33.mp4,"Morning, Clear",19.99,599,720p,35,1,0,0,0,36,1.8,Joydeep,Devjyoti,Pass,,179_Videos-Joydeep
179_Videos,179_Videos,v34.mp4,"Morning, Clear",19.99,599,720p,23,1,0,0,0,24,1.2,Joydeep,Devjyoti,Pass,,179_Videos-Joydeep
179_Videos,179_Videos,v35.mp4,"Morning, Clear",19.99,599,720p,21,0,1,0,0,22,1.1,Joydeep,Devjyoti,Pass,,179_Videos-Joydeep
179_Videos,179_Videos,v36.mp4,"Morning, Clear",19.99,599,720p,26,3,1,0,0,30,1.5,Joydeep,Devjyoti,Pass,,179_Videos-Joydeep
179_Videos,179_Videos,v37.mp4,"Morning, Clear",19.99,599,720p,26,3,0,0,0,29,1.45,Joydeep,Devjyoti,Pass,,179_Videos-Joydeep
179_Videos,179_Videos,v38.mp4,"Morning, Clear",19.99,599,720p,29,1,1,0,0,31,1.55,Joydeep,Devjyoti,Pass,,179_Videos-Joydeep
179_Videos,179_Videos,v39.mp4,"Morning, Clear",19.99,599,720p,36,2,0,0,0,38,1.9,Joydeep,Devjyoti,Pass,,179_Videos-Joydeep
179_Videos,179_Videos,v40.mp4,"Morning, Clear",19.99,599,720p,29,4,0,0,0,33,1.65,Joydeep,Devjyoti,Pass,,179_Videos-Joydeep
179_Videos,179_Videos,v41.mp4,"Morning, Clear",19.99,599,720p,34,1,0,0,0,35,1.75,Joydeep,Devjyoti,Pass,,179_Videos-Joydeep
179_Videos,179_Videos,v42.mp4,"Morning, Clear",19.99,599,720p,33,0,0,0,0,33,1.65,Joydeep,Devjyoti,Pass,,179_Videos-Joydeep
179_Videos,179_Videos,v43.mp4,"Morning, Clear",19.99,599,720p,37,2,0,0,0,39,1.95,Joydeep,Devjyoti,Pass,,179_Videos-Joydeep
179_Videos,179_Videos,v44.mp4,"Morning, Clear",19.99,599,720p,34,2,0,0,0,36,1.8,Joydeep,Devjyoti,Pass,,179_Videos-Joydeep
179_Videos,179_Videos,v45.mp4,"Morning, Clear",19.99,599,720p,33,4,0,0,0,37,1.85,Joydeep,Devjyoti,Pass,,179_Videos-Joydeep
179_Videos,179_Videos,v46.mp4,"Morning, Clear",19.99,599,720p,30,3,0,0,0,33,1.65,Joydeep,Devjyoti,Pass,,179_Videos-Joydeep
179_Videos,179_Videos,v47.mp4,"Morning, Clear",19.99,599,720p,37,1,1,0,0,39,1.95,Joydeep,Devjyoti,Pass,,179_Videos-Joydeep
179_Videos,179_Videos,v48.mp4,"Morning, Clear",19.99,599,720p,33,0,0,0,0,33,1.65,Joydeep,Dipayan,Pass,,179_Videos-Joydeep
179_Videos,179_Videos,v49.mp4,"Morning, Clear",19.99,599,720p,37,2,0,0,0,39,1.95,Joydeep,Dipayan,Pass,,179_Videos-Joydeep
179_Videos,179_Videos,v50.mp4,"Morning, Clear",19.99,599,720p,23,0,0,0,0,23,1.15,Joydeep,Dipayan,Pass,,179_Videos-Joydeep
179_Videos,179_Videos,v51.mp4,"Morning, Clear",19.99,599,720p,46,2,1,0,0,49,2.45,Joydeep,Dipayan,Pass,,179_Videos-Joydeep
179_Videos,179_Videos,v52.mp4,"Morning, Clear",19.99,599,720p,30,6,0,0,0,36,1.8,Joydeep,Dipayan,Pass,,179_Videos-Joydeep
179_Videos,179_Videos,v53.mp4,"Morning, Clear",19.99,599,720p,31,0,0,0,0,31,1.55,Joydeep,Dipayan,Pass,,179_Videos-Joydeep
179_Videos,179_Videos,v54.mp4,"Morning, Clear",19.99,599,720p,27,1,0,0,0,28,1.4,Joydeep,Dipayan,Pass,,179_Videos-Joydeep
179_Videos,179_Videos,v55.mp4,"Morning, Clear",19.99,599,720p,22,3,0,0,0,25,1.25,Joydeep,Dipayan,Pass,,179_Videos-Joydeep
179_Videos,179_Videos,v56.mp4,"Morning, Clear",19.99,599,720p,32,3,1,0,0,36,1.8,Joydeep,Dipayan,Pass,,179_Videos-Joydeep
179_Videos,179_Videos,v57.mp4,"Morning, Clear",19.99,599,720p,32,2,1,0,0,35,1.75,Joydeep,Dipayan,Pass,,179_Videos-Joydeep
179_Videos,179_Videos,v58.mp4,"Morning, Clear",19.99,599,720p,25,0,0,0,0,25,1.25,Joydeep,Dipayan,Pass,,179_Videos-Joydeep
179_Videos,179_Videos,v59.mp4,"Morning, Clear",19.99,599,720p,30,0,0,0,0,30,1.5,Joydeep,Dipayan,Pass,,179_Videos-Joydeep
179_Videos,179_Videos,v60.mp4,"Morning, Clear",19.99,599,720p,27,0,2,0,0,29,1.45,Joydeep,Dipayan,Pass,,179_Videos-Joydeep
179_Videos,179_Videos,v61.mp4,"Morning, Clear",19.99,599,720p,44,1,0,0,0,45,2.25,Joydeep,Dipayan,Pass,,179_Videos-Joydeep
179_Videos,179_Videos,v62.mp4,"Morning, Clear",19.99,599,720p,38,5,0,0,0,43,2.15,Joydeep,Dipayan,Pass,,179_Videos-Joydeep
179_Videos,179_Videos,v63.mp4,"Morning, Clear",19.99,599,720p,30,0,0,0,0,30,1.5,Joydeep,Dipayan,Pass,,179_Videos-Joydeep
179_Videos,179_Videos,v64.mp4,"Morning, Clear",19.99,599,720p,23,0,0,0,0,23,1.15,Joydeep,Dipayan,Pass,,179_Videos-Joydeep
179_Videos,179_Videos,v65.mp4,"Morning, Clear",19.99,599,720p,28,5,1,0,0,34,1.7,Joydeep,Dipayan,Pass,,179_Videos-Joydeep
179_Videos,179_Videos,v66.mp4,"Morning, Clear",19.99,599,720p,33,0,1,0,0,34,1.7,Joydeep,Dipayan,Pass,,179_Videos-Joydeep
179_Videos,179_Videos,v67.mp4,"Morning, Clear",19.99,599,720p,38,1,0,0,0,39,1.95,Joydeep,Dipayan,Pass,,179_Videos-Joydeep
179_Videos,179_Videos,v68.mp4,"Morning, Clear",19.99,599,720p,25,0,0,0,0,25,1.25,Joydeep,Dipayan,Pass,,179_Videos-Joydeep
179_Videos,179_Videos,v69.mp4,"Morning, Clear",19.99,599,720p,26,1,0,0,0,27,1.35,Joydeep,Dipayan,Pass,,179_Videos-Joydeep
179_Videos,179_Videos,v70.mp4,"Morning, Clear",19.99,599,720p,24,0,0,0,0,24,1.2,Joydeep,Dipayan,Pass,,179_Videos-Joydeep
179_Videos,179_Videos,v71.mp4,"Morning, Clear",19.99,599,720p,34,0,1,0,0,35,1.75,Joydeep,Dipayan,Pass,,179_Videos-Joydeep
179_Videos,179_Videos,v72.mp4,"Morning, Clear",19.99,599,720p,33,0,0,0,0,33,1.65,Joydeep,Dipayan,Pass,,179_Videos-Joydeep
179_Videos,179_Videos,v73.mp4,"Morning, Clear",19.99,599,720p,31,0,1,0,0,32,1.6,Joydeep,Dipayan,Pass,,179_Videos-Joydeep
179_Videos,179_Videos,v74.mp4,"Morning, Clear",19.99,599,720p,23,3,1,0,0,27,1.35,Joydeep,Dipayan,Pass,,179_Videos-Joydeep
179_Videos,179_Videos,v75.mp4,"Morning, Clear",19.99,599,720p,36,1,1,0,0,38,1.9,Joydeep,Dipayan,Pass,,179_Videos-Joydeep
179_Videos,179_Videos,v76.mp4,"Morning, Clear",19.99,599,720p,33,0,1,0,0,34,1.7,Joydeep,Dipayan,Pass,,179_Videos-Joydeep
179_Videos,179_Videos,v77.mp4,"Morning, Clear",19.99,599,720p,38,0,1,0,0,39,1.95,Joydeep,Dipayan,Pass,,179_Videos-Joydeep
179_Videos,179_Videos,v78.mp4,"Morning, Clear",19.99,599,720p,37,3,0,0,0,40,2,Joydeep,Dipayan,Pass,,179_Videos-Joydeep
179_Videos,179_Videos,v79.mp4,"Morning, Clear",19.99,599,720p,41,1,0,0,0,42,2.1,Joydeep,Dipayan,Pass,,179_Videos-Joydeep
179_Videos,179_Videos,v80.mp4,"Morning, Clear",19.99,599,720p,33,0,1,0,0,34,1.7,Joydeep,Dipayan,Pass,,179_Videos-Joydeep
179_Videos,179_Videos,v81.mp4,"Morning, Clear",19.99,599,720p,28,1,0,0,0,29,1.45,Joydeep,Dipayan,Pass,,179_Videos-Joydeep
179_Videos,179_Videos,v82.mp4,"Morning, Clear",19.99,599,720p,26,1,0,0,0,27,1.35,Joydeep,Dipayan,Pass,,179_Videos-Joydeep
179_Videos,179_Videos,v83.mp4,"Morning, Clear",19.99,599,720p,22,2,0,1,0,25,1.25,Joydeep,Dipayan,Pass,,179_Videos-Joydeep
179_Videos,179_Videos,v84.mp4,"Morning, Clear",19.99,599,720p,24,1,0,0,0,25,1.25,Joydeep,Dipayan,Pass,,179_Videos-Joydeep
179_Videos,179_Videos,v85.mp4,"Morning, Clear",19.99,599,720p,32,1,2,0,0,35,1.75,Joydeep,Dipayan,Pass,,179_Videos-Joydeep
179_Videos,179_Videos,v86.mp4,"Morning, Clear",19.99,599,720p,29,2,0,0,0,31,1.55,Joydeep,Dipayan,Pass,,179_Videos-Joydeep
179_Videos,179_Videos,v87.mp4,"Morning, Clear",19.99,599,720p,28,2,0,0,0,30,1.5,Joydeep,Dipayan,Pass,,179_Videos-Joydeep
179_Videos,179_Videos,v88.mp4,"Morning, Clear",19.99,599,720p,26,0,0,0,0,26,1.3,Joydeep,Dipayan,Pass,,179_Videos-Joydeep
179_Videos,179_Videos,v89.mp4,"Morning, Clear",19.99,599,720p,24,1,0,0,0,25,1.25,Joydeep,Dipayan,Pass,,179_Videos-Joydeep
179_Videos,179_Videos,v90.mp4,"Morning, Clear",19.99,599,720p,28,3,0,0,0,31,1.55,Joydeep,Dipayan,Pass,,179_Videos-Joydeep
179_Videos,179_Videos,v91.mp4,"Morning, Clear",19.99,599,720p,30,10,0,0,0,40,2,Joydeep,Dipayan,Pass,,179_Videos-Joydeep
179_Videos,179_Videos,v92.mp4,"Morning, Clear",19.99,599,720p,16,7,0,0,0,23,1.15,Joydeep,Dipayan,Pass,,179_Videos-Joydeep
179_Videos,179_Videos,v93.mp4,"Morning, Clear",19.99,599,720p,19,5,0,0,0,24,1.2,Joydeep,Dipayan,Pass,,179_Videos-Joydeep
179_Videos,179_Videos,v94.mp4,"Morning, Clear",19.99,599,720p,33,5,0,0,0,38,1.9,Swapnanjan,Dipayan,Pass,,179_Videos-Swapnanjan
179_Videos,179_Videos,v95.mp4,"Morning, Clear",19.99,599,720p,26,6,0,0,0,32,1.6,Swapnanjan,Dipayan,Pass,,179_Videos-Swapnanjan
179_Videos,179_Videos,v96.mp4,"Morning, Clear",19.99,599,720p,40,1,0,0,0,41,2.05,Swapnanjan,Dipayan,Pass,,179_Videos-Swapnanjan
179_Videos,179_Videos,v97.mp4,"Morning, Clear",19.99,599,720p,31,4,0,0,0,35,1.75,Swapnanjan,Dipayan,Pass,,179_Videos-Swapnanjan
179_Videos,179_Videos,v98.mp4,"Morning, Clear",19.99,599,720p,31,3,0,0,0,34,1.7,Swapnanjan,Dipayan,Pass,,179_Videos-Swapnanjan
179_Videos,179_Videos,v99.mp4,"Morning, Clear",19.99,599,720p,31,1,0,0,0,32,1.6,Swapnanjan,Dipayan,Pass,,179_Videos-Swapnanjan
179_Videos,179_Videos,v100.mp4,"Morning, Clear",19.99,599,720p,32,3,0,0,0,35,1.75,Swapnanjan,Joydeep,Pass,,179_Videos-Swapnanjan
179_Videos,179_Videos,v101.mp4,"Morning, Clear",19.99,599,720p,26,2,0,0,0,28,1.4,Swapnanjan,Joydeep,Pass,,179_Videos-Swapnanjan
179_Videos,179_Videos,v102.mp4,"Morning, Clear",19.99,599,720p,28,1,0,0,0,29,1.45,Swapnanjan,Joydeep,Pass,,179_Videos-Swapnanjan
179_Videos,179_Videos,v103.mp4,"Morning, Clear",19.99,599,720p,36,2,0,0,0,38,1.9,Swapnanjan,Joydeep,Pass,,179_Videos-Swapnanjan
179_Videos,179_Videos,v104.mp4,"Morning, Clear",19.99,599,720p,36,4,0,0,0,40,2,Swapnanjan,Joydeep,Pass,,179_Videos-Swapnanjan
179_Videos,179_Videos,v105.mp4,"Morning, Clear",19.99,599,720p,24,1,0,0,0,25,1.25,Swapnanjan,Joydeep,Pass,,179_Videos-Swapnanjan
179_Videos,179_Videos,v106.mp4,"Morning, Clear",19.99,599,720p,26,0,1,1,0,28,1.4,Swapnanjan,Joydeep,Pass,,179_Videos-Swapnanjan
179_Videos,179_Videos,v107.mp4,"Morning, Clear",19.99,599,720p,29,0,2,0,0,31,1.55,Swapnanjan,Joydeep,Pass,,179_Videos-Swapnanjan
179_Videos,179_Videos,v108.mp4,"Morning, Clear",19.99,599,720p,27,0,1,0,0,28,1.4,Swapnanjan,Joydeep,Pass,,179_Videos-Swapnanjan
179_Videos,179_Videos,v109.mp4,"Morning, Clear",19.99,599,720p,34,3,0,0,0,37,1.85,Swapnanjan,Joydeep,Pass,,179_Videos-Swapnanjan
179_Videos,179_Videos,v110.mp4,"Morning, Clear",19.99,599,720p,33,3,0,0,0,36,1.8,Swapnanjan,Joydeep,Pass,,179_Videos-Swapnanjan
179_Videos,179_Videos,v111.mp4,"Morning, Clear",19.99,599,720p,26,0,0,0,0,26,1.3,Swapnanjan,Joydeep,Pass,,179_Videos-Swapnanjan
179_Videos,179_Videos,v112.mp4,"Morning, Clear",19.99,599,720p,21,0,1,0,0,22,1.1,Swapnanjan,Joydeep,Pass,,179_Videos-Swapnanjan
179_Videos,179_Videos,v113.mp4,"Morning, Clear",19.99,599,720p,27,1,0,0,0,28,1.4,Swapnanjan,Joydeep,Pass,,179_Videos-Swapnanjan
179_Videos,179_Videos,v114.mp4,"Morning, Clear",19.99,599,720p,22,1,1,0,0,24,1.2,Swapnanjan,Joydeep,Pass,,179_Videos-Swapnanjan
179_Videos,179_Videos,v115.mp4,"Morning, Clear",19.99,599,720p,16,2,0,0,0,18,0.9,Swapnanjan,Joydeep,Pass,,179_Videos-Swapnanjan
179_Videos,179_Videos,v116.mp4,"Morning, Clear",19.99,599,720p,19,0,0,0,0,19,0.95,Swapnanjan,Joydeep,Pass,,179_Videos-Swapnanjan
179_Videos,179_Videos,v117.mp4,"Morning, Clear",19.99,599,720p,19,0,0,0,0,19,0.95,Swapnanjan,Joydeep,Pass,,179_Videos-Swapnanjan
179_Videos,179_Videos,v118.mp4,"Morning, Clear",19.99,599,720p,22,0,0,0,0,22,1.1,Swapnanjan,Joydeep,Pass,,179_Videos-Swapnanjan
179_Videos,179_Videos,v119.mp4,"Morning, Clear",19.99,599,720p,33,1,1,0,0,35,1.75,Swapnanjan,Joydeep,Pass,,179_Videos-Swapnanjan
179_Videos,179_Videos,v120.mp4,"Morning, Clear",19.99,599,720p,25,1,0,0,0,26,1.3,Swapnanjan,Joydeep,Pass,,179_Videos-Swapnanjan
179_Videos,179_Videos,v121.mp4,"Morning, Clear",19.99,599,720p,23,1,0,0,0,24,1.2,Swapnanjan,Joydeep,Pass,,179_Videos-Swapnanjan
179_Videos,179_Videos,v122.mp4,"Morning, Clear",19.99,599,720p,25,1,1,0,0,27,1.35,Swapnanjan,Joydeep,Pass,,179_Videos-Swapnanjan
179_Videos,179_Videos,v123.mp4,"Morning, Clear",19.99,599,720p,18,3,2,0,0,23,1.15,Swapnanjan,Joydeep,Pass,,179_Videos-Swapnanjan
179_Videos,179_Videos,v124.mp4,"Morning, Clear",19.99,599,720p,20,2,2,0,0,24,1.2,Swapnanjan,Joydeep,Pass,,179_Videos-Swapnanjan
179_Videos,179_Videos,v125.mp4,"Morning, Clear",19.99,599,720p,17,2,0,0,0,19,0.95,Swapnanjan,Joydeep,Pass,,179_Videos-Swapnanjan
179_Videos,179_Videos,v126.mp4,"Morning, Clear",19.99,599,720p,22,0,0,0,0,22,1.1,Swapnanjan,Joydeep,Pass,,179_Videos-Swapnanjan
179_Videos,179_Videos,v127.mp4,"Morning, Clear",19.99,599,720p,28,3,0,0,0,31,1.55,Swapnanjan,Joydeep,Pass,,179_Videos-Swapnanjan
179_Videos,179_Videos,v128.mp4,"Morning, Clear",19.99,599,720p,27,2,0,0,0,29,1.45,Swapnanjan,Joydeep,Pass,,179_Videos-Swapnanjan
179_Videos,179_Videos,v129.mp4,"Morning, Clear",19.99,599,720p,23,2,0,0,0,25,1.25,Swapnanjan,Joydeep,Pass,,179_Videos-Swapnanjan
179_Videos,179_Videos,v130.mp4,"Morning, Clear",19.99,599,720p,27,1,0,0,0,28,1.4,Swapnanjan,Joydeep,Pass,,179_Videos-Swapnanjan
179_Videos,179_Videos,v131.mp4,"Morning, Clear",19.99,599,720p,35,3,0,0,0,38,1.9,Swapnanjan,Joydeep,Pass,,179_Videos-Swapnanjan
179_Videos,179_Videos,v132.mp4,"Morning, Clear",19.99,599,720p,34,4,0,0,0,38,1.9,Swapnanjan,Joydeep,Pass,,179_Videos-Swapnanjan
179_Videos,179_Videos,v133.mp4,"Morning, Clear",19.99,599,720p,32,2,0,0,0,34,1.7,Swapnanjan,Joydeep,Pass,,179_Videos-Swapnanjan
179_Videos,179_Videos,v134.mp4,"Morning, Clear",19.99,599,720p,25,6,0,0,0,31,1.55,Swapnanjan,Joydeep,Pass,,179_Videos-Swapnanjan
179_Videos,179_Videos,v135.mp4,"Morning, Clear",19.99,599,720p,28,2,0,0,0,30,1.5,Swapnanjan,Joydeep,Pass,,179_Videos-Swapnanjan
179_Videos,179_Videos,v136.mp4,"Morning, Clear",19.99,599,720p,24,1,0,0,0,25,1.25,Swapnanjan,Joydeep,Pass,,179_Videos-Swapnanjan
179_Videos,179_Videos,v137.mp4,"Morning, Clear",19.99,599,720p,31,1,0,0,0,32,1.6,Swapnanjan,Joydeep,Pass,,179_Videos-Swapnanjan
179_Videos,179_Videos,v138.mp4,"Morning, Clear",19.99,599,720p,21,4,0,0,0,25,1.25,Swapnanjan,Joydeep,Pass,,179_Videos-Swapnanjan
179_Videos,179_Videos,v139.mp4,"Morning, Clear",19.99,599,720p,29,2,0,0,0,31,1.55,Swapnanjan,Joydeep,Pass,,179_Videos-Swapnanjan
179_Videos,179_Videos,v140.mp4,"Morning, Clear",19.99,599,720p,39,2,0,1,0,42,2.1,Swapnanjan,Joydeep,Pass,,179_Videos-Swapnanjan
179_Videos,179_Videos,v141.mp4,"Morning, Clear",19.99,599,720p,24,4,0,0,0,28,1.4,Swapnanjan,Joydeep,Pass,,179_Videos-Swapnanjan
179_Videos,179_Videos,v142.mp4,"Morning, Clear",19.99,599,720p,28,4,0,0,0,32,1.6,Swapnanjan,Dipayan,Pass,,179_Videos-Swapnanjan
179_Videos,179_Videos,v143.mp4,"Morning, Clear",19.99,599,720p,33,1,0,0,0,34,1.7,Swapnanjan,Dipayan,Pass,,179_Videos-Swapnanjan
179_Videos,179_Videos,v144.mp4,"Morning, Clear",19.99,599,720p,32,3,1,0,0,36,1.8,Swapnanjan,Dipayan,Pass,,179_Videos-Swapnanjan
179_Videos,179_Videos,v145.mp4,"Morning, Clear",19.99,599,720p,26,4,0,0,0,30,1.5,Swapnanjan,Dipayan,Pass,,179_Videos-Swapnanjan
179_Videos,179_Videos,v146.mp4,"Morning, Clear",19.99,599,720p,30,3,0,0,0,33,1.65,Swapnanjan,Dipayan,Pass,,179_Videos-Swapnanjan
179_Videos,179_Videos,v147.mp4,"Morning, Clear",19.99,599,720p,28,3,0,0,0,31,1.55,Swapnanjan,Joydeep,Pass,,179_Videos-Swapnanjan
179_Videos,179_Videos,v148.mp4,"Morning, Clear",19.99,599,720p,24,4,1,0,0,29,1.45,Swapnanjan,Dipayan,Pass,,179_Videos-Swapnanjan
179_Videos,179_Videos,v149.mp4,"Morning, Clear",19.99,599,720p,39,2,0,0,0,41,2.05,Swapnanjan,Dipayan,Pass,,179_Videos-Swapnanjan
179_Videos,179_Videos,v150.mp4,"Morning, Clear",19.99,599,720p,29,2,1,0,0,32,1.6,Swapnanjan,Dipayan,Pass,,179_Videos-Swapnanjan
179_Videos,179_Videos,v151.mp4,"Morning, Clear",19.99,599,720p,24,0,0,0,0,24,1.2,Swapnanjan,Dipayan,Pass,,179_Videos-Swapnanjan
179_videos,179_Videos,v152.mp4,"Morning, Clear",19.99,599,720p,23,1,0,0,0,24,1.2,Swapnanjan,Dipayan,Pass,,179_videos-Swapnanjan
179_Videos,179_Videos,v153.mp4,"Morning, Clear",19.99,599,720p,33,2,1,0,0,36,1.8,Swapnanjan,Joydeep,Pass,,179_Videos-Swapnanjan
179_Videos,179_Videos,v154.mp4,"Morning, Clear",19.99,599,720p,27,2,0,0,0,29,1.45,Swapnanjan,Dipayan,Pass,,179_Videos-Swapnanjan
179_Videos,179_Videos,v155.mp4,"Morning, Clear",19.99,599,720p,36,5,0,0,0,41,2.05,Swapnanjan,Dipayan,Pass,,179_Videos-Swapnanjan
179_Videos,179_Videos,v156.mp4,"Morning, Clear",19.99,599,720p,29,0,0,0,0,29,1.45,Swapnanjan,Dipayan,Pass,,179_Videos-Swapnanjan
179_Videos,179_Videos,v157.mp4,"Morning, Clear",19.99,599,720p,27,3,0,0,0,30,1.5,Swapnanjan,Dipayan,Pass,,179_Videos-Swapnanjan
179_Videos,179_Videos,v158.mp4,"Morning, Clear",19.99,599,720p,29,1,3,0,0,33,1.65,Swapnanjan,Dipayan,Pass,,179_Videos-Swapnanjan
179_Videos,179_Videos,v159.mp4,"Morning, Clear",19.99,599,720p,23,1,2,0,0,26,1.3,Swapnanjan,Joydeep,Pass,,179_Videos-Swapnanjan
179_Videos,179_Videos,v160.mp4,"Morning, Clear",19.99,599,720p,21,2,0,0,0,23,1.15,Joydeep,Dipayan,Pass,,179_Videos-Joydeep
179_Videos,179_Videos,v161.mp4,"Morning, Clear",19.99,599,720p,27,3,1,0,0,31,1.55,Joydeep,Dipayan,Pass,,179_Videos-Joydeep
179_Videos,179_Videos,v162.mp4,"Morning, Clear",19.99,599,720p,28,0,1,0,0,29,1.45,Joydeep,Dipayan,Pass,,179_Videos-Joydeep
179_Videos,179_Videos,v163.mp4,"Morning, Clear",19.99,599,720p,21,1,1,0,0,23,1.15,Joydeep,Dipayan,Pass,,179_Videos-Joydeep
179_Videos,179_Videos,v164.mp4,"Morning, Clear",19.99,599,720p,23,0,0,0,0,23,1.15,Joydeep,Dipayan,Pass,,179_Videos-Joydeep
179_Videos,179_Videos,v165.mp4,"Morning, Clear",19.99,599,720p,29,0,0,0,0,29,1.45,Joydeep,Dipayan,Pass,,179_Videos-Joydeep
179_Videos,179_Videos,v166.mp4,"Morning, Clear",19.99,599,720p,29,0,0,0,0,29,1.45,Joydeep,Dipayan,Pass,,179_Videos-Joydeep
179_Videos,179_Videos,v167.mp4,"Morning, Clear",19.99,599,720p,37,4,0,0,0,41,2.05,Joydeep,Dipayan,Pass,,179_Videos-Joydeep
179_Videos,179_Videos,v168.mp4,"Morning, Clear",19.99,599,720p,24,0,0,0,0,24,1.2,Joydeep,Dipayan,Pass,,179_Videos-Joydeep
179_Videos,179_Videos,v169.mp4,"Morning, Clear",19.99,599,720p,31,0,1,0,0,32,1.6,Joydeep,Dipayan,Pass,,179_Videos-Joydeep
179_Videos,179_Videos,v170.mp4,"Morning, Clear",19.99,599,720p,27,2,0,0,0,29,1.45,Joydeep,Dipayan,Pass,,179_Videos-Joydeep
179_Videos,179_Videos,v171.mp4,"Morning, Clear",19.99,599,720p,16,4,0,0,0,20,1,Joydeep,Dipayan,Pass,,179_Videos-Joydeep
179_Videos,179_Videos,v172.mp4,"Morning, Clear",19.99,599,720p,35,1,0,0,0,36,1.8,Joydeep,Dipayan,Pass,,179_Videos-Joydeep
179_Videos,179_Videos,v173.mp4,"Morning, Clear",19.99,599,720p,35,2,0,0,0,37,1.85,Joydeep,Dipayan,Pass,,179_Videos-Joydeep
179_Videos,179_Videos,v174.mp4,"Morning, Clear",19.99,599,720p,29,1,0,0,0,30,1.5,Joydeep,Dipayan,Pass,,179_Videos-Joydeep
179_Videos,179_Videos,v175.mp4,"Morning, Clear",19.99,599,720p,26,2,1,0,0,29,1.45,Joydeep,Dipayan,Pass,,179_Videos-Joydeep
179_Videos,179_Videos,v176.mp4,"Morning, Clear",19.99,599,720p,21,3,0,0,0,24,1.2,Joydeep,Dipayan,Pass,,179_Videos-Joydeep
179_Videos,179_Videos,v177.mp4,"Morning, Clear",19.99,599,720p,27,0,0,0,0,27,1.35,Joydeep,Dipayan,Pass,,179_Videos-Joydeep
179_Videos,179_Videos,v178.mp4,"Morning, Clear",19.99,599,720p,25,0,0,0,0,25,1.25,Joydeep,Dipayan,Pass,,179_Videos-Joydeep
179_Videos,179_Videos,v179.mp4,"Morning, Clear",19.99,599,720p,28,0,0,0,0,28,1.4,Joydeep,Dipayan,Pass,,179_Videos-Joydeep
TU-DAT,Positive_Videos,v1.mov,"Morning, Clear",23,1402,2386x1358,29,3,0,0,0,32,1.39,Dipayan,Joydeep,Pass,,TU-DAT-Dipayan
TU-DAT,Positive_Videos,v10.mov,"Morning, Clear",11,732,2392x1352,30,4,6,0,0,40,3.64,Dipayan,Joydeep,Pass,,TU-DAT-Dipayan
TU-DAT,Positive_Videos,v11.mov,"Morning, Clear",15,929,2392x1352,17,0,1,0,1,19,1.27,Dipayan,Joydeep,Pass,,TU-DAT-Dipayan
TU-DAT,Positive_Videos,v12.mov,"Morning, Cloudy",8,519,2392x1352,20,2,0,0,0,22,2.75,Dipayan,Joydeep,Pass,,TU-DAT-Dipayan
TU-DAT,Positive_Videos,v13.mov,"Morning, Clear",24,1502,2392x1352,22,2,0,0,0,24,1,Dipayan,Joydeep,Pass,,TU-DAT-Dipayan
TU-DAT,Positive_Videos,v14.mov,"Morning, Clear",6,413,2392x1352,12,1,0,0,0,13,2.17,Dipayan,Joydeep,Pass,,TU-DAT-Dipayan
TU-DAT,Positive_Videos,v15.mov,"Morning, Clear",13,799,2392x1352,17,6,0,0,0,23,1.77,Dipayan,Joydeep,Pass,,TU-DAT-Dipayan
TU-DAT,Positive_Videos,v16.mov,"Morning, Clear",17,1070,2392x1352,32,2,0,0,0,34,2,Dipayan,Joydeep,Pass,,TU-DAT-Dipayan
TU-DAT,Positive_Videos,v18.mov,"Morning,Cloudy",6,398,2392x1352,12,3,1,0,0,16,2.67,Dipayan,Joydeep,Pass,,TU-DAT-Dipayan
TU-DAT,Positive_Videos,v19.mov,"Morning, Cloudy",3,249,2392x1352,4,0,0,0,0,4,1.33,Dipayan,Joydeep,Pass,,TU-DAT-Dipayan
TU-DAT,Positive_Videos,v2.mov,"Morning,Clear",4,262,2524x1336,3,1,0,2,0,6,1.5,Dipayan,Joydeep,Pass,,TU-DAT-Dipayan
TU-DAT,Positive_Videos,v20.mov,"Morning, Clear",13,789,2390x1330,5,0,0,1,0,6,0.46,Dipayan,Joydeep,Pass,,TU-DAT-Dipayan
TU-DAT,Positive_Videos,v21.mov,"Morning, Rainy",17.4,1047,2390x1330,16,0,0,0,0,16,0.92,Joydeep,Dipayan,Pass,,TU-DAT-Joydeep
TU-DAT,Positive_Videos,v22.mov,"Morning, Cloudy",7,438,2390x1330,5,2,1,0,0,8,1.14,Dipayan,Swapnanjan,Pass,,TU-DAT-Dipayan
TU-DAT,Positive_Videos,v23.mov,"Morning , Clear",9,575,2390x1330,4,0,0,0,0,4,0.44,Dipayan,Swapnanjan,Pass,,TU-DAT-Dipayan
TU-DAT,Positive_Videos,v24.mov,"Morning, Rainy",8,511,2390x1330,8,0,0,0,0,8,1,Dipayan,Swapnanjan,Pass,,TU-DAT-Dipayan
TU-DAT,Positive_Videos,v25.mov,"Morning, Cloudy",14,893,2390x1330,3,0,0,0,0,3,0.21,Dipayan,Swapnanjan,Pass,,TU-DAT-Dipayan
TU-DAT,Positive_Videos,v26.mov,"Morning, Clear",10,653,2390x1330,5,0,0,0,0,5,0.5,Dipayan,Swapnanjan,Pass,,TU-DAT-Dipayan
TU-DAT,Positive_Videos,v27.mov,"Morning,Clear",9,588,2390x1330,20,0,0,0,0,20,2.22,Dipayan,Swapnanjan,Pass,,TU-DAT-Dipayan
TU-DAT,Positive_Videos,v28.mov,"Morning, Rainy",6,383,2390x1330,6,0,0,0,0,6,1,Dipayan,Swapnanjan,Pass,,TU-DAT-Dipayan
TU-DAT,Positive_Videos,v29.mov,"Morning, Clear",13,831,2370x1240,9,4,0,0,0,13,1,Dipayan,Swapnanjan,Pass,,TU-DAT-Dipayan
TU-DAT,Positive_Videos,v3.mov,"Morning,Foggy",14,855,2524x1336,5,0,0,11,0,16,1.14,Dipayan,Swapnanjan,Pass,,TU-DAT-Dipayan
TU-DAT,Positive_Videos,v30.mov,"Morning, Clear",23,1432,2370x1240,28,0,4,0,1,33,1.43,Dipayan,Swapnanjan,Pass,,TU-DAT-Dipayan
TU-DAT,Positive_Videos,v31.mov,"Morning, Clear",6,423,2370x1240,3,0,2,0,0,5,0.83,Dipayan,Swapnanjan,Pass,,TU-DAT-Dipayan
TU-DAT,Positive_Videos,v32.mov,"Night, Clear",13,806,1786x1246,11,0,0,0,0,11,0.85,Dipayan,Swapnanjan,Pass,,TU-DAT-Dipayan
TU-DAT,Positive_Videos,v33.mov,"Morning, Clear",4,258,1786x1246,8,2,0,0,0,10,2.5,Dipayan,Swapnanjan,Pass,,TU-DAT-Dipayan
TU-DAT,Positive_Videos,v34.mov,"Morning, Clear",4,247,1786x1246,4,0,0,0,0,4,1,Dipayan,Joydeep,Pass,,TU-DAT-Dipayan
TU-DAT,Positive_Videos,v35.mov,"Morning, Rainy",2,172,1786x1246,10,0,0,0,0,10,5,Dipayan,Joydeep,Pass,,TU-DAT-Dipayan
TU-DAT,Positive_Videos,v36.mov,"Night, Clear",5,330,2362x1236,6,0,0,0,0,6,1.2,Dipayan,Joydeep,Pass,,TU-DAT-Dipayan
TU-DAT,Positive_Videos,v37.mov,"Afternoon, Clear",5,289,2366x1230,3,1,0,0,0,4,0.8,Dipayan,Joydeep,Pass,,TU-DAT-Dipayan
TU-DAT,Positive_Videos,v38.mov,"Morning, Clear",5,310,2368x1234,11,0,0,0,0,11,2.2,Dipayan,Joydeep,Pass,,TU-DAT-Dipayan
TU-DAT,Positive_Videos,v39.mov,"Morning, Cloudy",4,280,2368x1234,9,0,0,0,0,9,2.25,Joydeep,Dipayan,Pass,,TU-DAT-Joydeep
TU-DAT,Positive_Videos,v4.mov,"Morning,Clear",8,529,2386x1332,9,0,0,0,0,9,1.13,Dipayan,Swapnanjan,Pass,,TU-DAT-Dipayan
TU-DAT,Positive_Videos,v40.mov,"Night, Clear",5,331,2382x1242,7,3,0,0,0,10,2,Dipayan,Swapnanjan,Pass,,TU-DAT-Dipayan
TU-DAT,Positive_Videos,v41.mov,"Night, Clear",35,2133,2398x1344,15,0,0,0,0,15,0.43,Dipayan,Swapnanjan,Pass,,TU-DAT-Dipayan
TU-DAT,Positive_Videos,v42.mov,"Morning, Clear",6,238,888x524,5,0,0,0,0,5,0.83,Dipayan,Swapnanjan,Pass,,TU-DAT-Dipayan
TU-DAT,Positive_Videos,v43.mov,"Morning, Clear",11,695,2390x1330,18,2,0,1,0,21,1.91,Dipayan,Swapnanjan,Pass,,TU-DAT-Dipayan
TU-DAT,Positive_Videos,v44.mov,"Night, Clear",11,687,2370x1240,3,0,0,0,0,3,0.27,Dipayan,Swapnanjan,Pass,,TU-DAT-Dipayan
TU-DAT,Positive_Videos,v45.mov,"Morning, Clear",11,747,2370x1240,8,4,0,0,0,12,1.09,Dipayan,Swapnanjan,Pass,,TU-DAT-Dipayan
TU-DAT,Positive_Videos,v46.mov,"Morning, Clear",6,407,1786x1246,3,1,1,0,0,5,0.83,Dipayan,Swapnanjan,Pass,,TU-DAT-Dipayan
TU-DAT,Positive_Videos,v47.mov,"Morning, Clear",8,544,1786x1246,7,0,0,3,0,10,1.25,Dipayan,Swapnanjan,Pass,,TU-DAT-Dipayan
TU-DAT,Positive_Videos,v48.mov,"Morning, Clear",12,735,2354x1234,4,1,0,2,0,7,0.58,Dipayan,Swapnanjan,Pass,,TU-DAT-Dipayan
TU-DAT,Positive_Videos,v49.mov,"Morning,Clear",10,658,2390x1330,41,10,0,2,0,53,5.3,Dipayan,Swapnanjan,Pass,,TU-DAT-Dipayan
TU-DAT,Positive_Videos,v5.mov,"Night,Clear",11,678,2386x1332,11,0,0,0,0,11,1,Dipayan,Swapnanjan,Pass,,TU-DAT-Dipayan
TU-DAT,Positive_Videos,v50.mov,"Morning, Clear",15,957,2390x1330,16,5,0,1,0,22,1.47,Dipayan,Swapnanjan,Pass,,TU-DAT-Dipayan
TU-DAT,Positive_Videos,v51.mov,"Morning, Clear",10,658,2386x1332,22,0,1,0,0,23,2.3,Dipayan,Swapnanjan,Pass,,TU-DAT-Dipayan
TU-DAT,Positive_Videos,v6.mov,"Morning,Clear",11,686,2386x1332,31,6,0,0,0,37,3.36,Dipayan,Swapnanjan,Pass,,TU-DAT-Dipayan
TU-DAT,Positive_Videos,v7.mov,"Night, Clear",17,1039,2386x1332,11,0,1,1,0,13,0.76,Dipayan,Swapnanjan,Pass,,TU-DAT-Dipayan
TU-DAT,Positive_Videos,v8.mov,"Morning, Cloudy",7,470,2386x1332,8,2,0,0,0,10,1.43,Dipayan,Swapnanjan,Pass,,TU-DAT-Dipayan
TU-DAT,Positive_Videos,v9.mov,"Night, Clear",7,480,2386x1332,3,2,0,0,0,5,0.71,Dipayan,Swapnanjan,Pass,,TU-DAT-Dipayan
TU-DAT,Negative_Videos,v1.mov,"Afternoon, Clear",15.65,928,2386x1358,25,3,0,0,0,28,1.79,Dipayan,Swapnanjan,Pass,,TU-DAT-Dipayan
TU-DAT,Negative_Videos,v10.mov,"Afternoon, Clear",5.88,330,2392x1352,21,2,3,0,0,26,4.42,Dipayan,Swapnanjan,Pass,,TU-DAT-Dipayan
TU-DAT,Negative_Videos,v11.mov,"Morning, cloudy",4.75,263,2392x1352,8,0,1,0,1,10,2.11,Dipayan,Swapnanjan,Pass,,TU-DAT-Dipayan
TU-DAT,Negative_Videos,v12.mov,"Morning, Cloudy",2.35,139,2392x1352,11,1,0,0,0,12,5.11,Dipayan,Swapnanjan,Pass,,TU-DAT-Dipayan
TU-DAT,Negative_Videos,v13.mov,"Morning, Clear",4.48,260,2392x1352,5,0,0,0,0,5,1.12,Dipayan,Swapnanjan,Pass,,TU-DAT-Dipayan
TU-DAT,Negative_Videos,v14.mov,"Morning, Clear",4.32,243,2392x1352,10,1,0,0,0,11,2.55,Dipayan,Swapnanjan,Pass,,TU-DAT-Dipayan
TU-DAT,Negative_Videos,v15.mov,"Morning,Cloudy",5.25,309,2392x1352,11,4,0,0,0,15,2.86,Dipayan,Swapnanjan,Pass,,TU-DAT-Dipayan
TU-DAT,Negative_Videos,v16.mov,"morning, Clear",1.18,52,2392x1352,10,0,0,0,0,10,8.47,Dipayan,Swapnanjan,Pass,,TU-DAT-Dipayan
TU-DAT,Negative_Videos,v18.mov,"Morning, Cloudy",3.45,200,2392x1352,6,2,1,0,0,9,2.61,Dipayan,Joydeep,Pass,,TU-DAT-Dipayan
TU-DAT,Negative_Videos,v19.mov,"Morning, Cloudy",2.15,101,2392x1352,3,0,0,0,0,3,1.4,Dipayan,Joydeep,Pass,,TU-DAT-Dipayan
TU-DAT,Negative_Videos,v2.mov,"Morning, Cloudy",3.12,174,2524x1336,2,2,0,2,0,6,1.92,Dipayan,Joydeep,Pass,,TU-DAT-Dipayan
TU-DAT,Negative_Videos,v20.mov,"Morning, Clear",5.4,297,2390x1330,5,0,0,0,0,5,0.93,Dipayan,Joydeep,Pass,,TU-DAT-Dipayan
TU-DAT,Negative_Videos,v21.mov,"Morning, Rainy",11.02,655,2390x1330,15,0,0,0,0,15,1.36,Dipayan,Joydeep,Pass,,TU-DAT-Dipayan
TU-DAT,Negative_Videos,v22.mov,"Morning, Cloudy",2.98,168,2390x1330,3,1,1,0,0,5,1.68,Dipayan,Joydeep,Pass,,TU-DAT-Dipayan
TU-DAT,Negative_Videos,v23.mov,"Morning, Clear",4.42,253,2390x1330,2,0,0,0,0,2,0.45,Dipayan,Joydeep,Pass,,TU-DAT-Dipayan
TU-DAT,Negative_Videos,v24.mov,"Morning, Rainy",3.08,175,2390x1330,6,1,0,0,0,7,2.27,Dipayan,Joydeep,Pass,,TU-DAT-Dipayan
TU-DAT,Negative_Videos,v25.mov,"Morning, Cloudy",6.85,407,2390x1330,3,0,0,0,0,3,0.44,Dipayan,Joydeep,Pass,,TU-DAT-Dipayan
TU-DAT,Negative_Videos,v26.mov,"Morning, Clear",6.08,347,2390x1330,3,0,0,0,0,3,0.49,Dipayan,Joydeep,Pass,,TU-DAT-Dipayan
TU-DAT,Negative_Videos,v27.mov,"Morning, Clear",4.42,240,2390x1330,14,0,0,0,0,14,3.17,Dipayan,Joydeep,Pass,,TU-DAT-Dipayan
TU-DAT,Negative_Videos,v28.mov,"Morning, Rainy",1.72,91,2390x1330,2,0,0,0,0,2,1.16,Dipayan,Joydeep,Pass,,TU-DAT-Dipayan
TU-DAT,Negative_Videos,v29.mov,"Morning, Clear",6.48,369,2370x1240,4,1,0,0,0,5,0.77,Dipayan,Joydeep,Pass,,TU-DAT-Dipayan
TU-DAT,Negative_Videos,v3.mov,"Morning, Clear",5.28,317,2524x1336,4,0,0,5,0,9,1.7,Dipayan,Joydeep,Pass,,TU-DAT-Dipayan
TU-DAT,Negative_Videos,v30.mov,"Morning, Clear",18.28,1074,2370x1240,27,0,0,0,0,27,1.48,Dipayan,Joydeep,Pass,,TU-DAT-Dipayan
TU-DAT,Negative_Videos,v31.mov,"Morning, Clear",1.62,73,2370x1240,1,0,1,0,0,2,1.23,Dipayan,Joydeep,Pass,,TU-DAT-Dipayan
TU-DAT,Negative_Videos,v32.mov,"Night, Clear",5.1,290,1786x1246,4,0,0,0,0,4,0.78,Dipayan,Swapnanjan,Pass,,TU-DAT-Dipayan
TU-DAT,Negative_Videos,v33.mov,"Morning, Clear",1.25,72,1786x1246,5,1,0,0,0,6,4.8,Dipayan,Swapnanjan,Pass,,TU-DAT-Dipayan
TU-DAT,Negative_Videos,v34.mov,"Morning, Clear",1.65,97,1786x1246,4,0,0,0,0,4,2.42,Dipayan,Swapnanjan,Pass,,TU-DAT-Dipayan
TU-DAT,Negative_Videos,v35.mov,"Morning, Rainy",0.48,28,1786x1246,3,0,0,0,0,3,6.25,Dipayan,Swapnanjan,Pass,,TU-DAT-Dipayan
TU-DAT,Negative_Videos,v36.mov,"Night, Clear",2.95,164,2362x1236,4,0,0,0,0,4,1.36,Dipayan,Swapnanjan,Pass,,TU-DAT-Dipayan
TU-DAT,Negative_Videos,v37.mov,"Afternoon, clear",3,163,2366x1230,3,0,0,0,0,3,1,Dipayan,Swapnanjan,Pass,,TU-DAT-Dipayan
TU-DAT,Negative_Videos,v38.mov,"Morning, Clear",3.2,174,2368x1234,9,0,0,0,0,9,2.81,Dipayan,Swapnanjan,Pass,,TU-DAT-Dipayan
TU-DAT,Negative_Videos,v39.mov,"Morning, Rainy",2.35,134,2368x1234,7,0,0,0,0,7,2.98,Dipayan,Swapnanjan,Pass,,TU-DAT-Dipayan
TU-DAT,Negative_Videos,v4.mov,"Morning, Clear",1.52,91,2386x1332,4,0,0,0,0,4,2.63,Dipayan,Swapnanjan,Pass,,TU-DAT-Dipayan
TU-DAT,Negative_Videos,v40.mov,"Night, Clear",3.37,191,2382x1242,4,2,0,0,0,6,1.78,Dipayan,Swapnanjan,Pass,,TU-DAT-Dipayan
TU-DAT,Negative_Videos,v41.mov,"Night, Clear",14.77,875,2398x1344,4,0,0,0,0,4,0.27,Dipayan,Swapnanjan,Pass,,TU-DAT-Dipayan
TU-DAT,Negative_Videos,v42.mov,"Morning, Clear",1.26,44,888x524,1,0,0,0,0,1,0.79,Dipayan,Swapnanjan,Pass,,TU-DAT-Dipayan
TU-DAT,Negative_Videos,v43.mov,"Morning, Clear",5.35,305,2390x1330,12,2,0,0,0,14,2.62,Dipayan,Swapnanjan,Pass,,TU-DAT-Dipayan
TU-DAT,Negative_Videos,v44.mov,"Night, Clear",2.38,125,2370x1240,1,0,0,0,0,1,0.42,Dipayan,Swapnanjan,Pass,,TU-DAT-Dipayan
TU-DAT,Negative_Videos,v46.mov,"Morning, Clear",3.88,205,2370x1240,3,2,0,0,0,5,1.29,Dipayan,Swapnanjan,Pass,,TU-DAT-Dipayan
TU-DAT,Negative_Videos,v47.mov,"Morning, Clear",4.02,228,1786x1246,4,0,0,2,0,6,1.49,Dipayan,Swapnanjan,Pass,,TU-DAT-Dipayan
TU-DAT,Negative_Videos,v48.mov,"Afternoon, Clear",3.07,173,2354x1234,2,1,0,0,0,3,0.98,Dipayan,Swapnanjan,Pass,,TU-DAT-Dipayan
TU-DAT,Negative_Videos,v49.mov,"Morning, Clear",4.55,248,2390x1330,18,5,0,2,0,25,5.49,Dipayan,Swapnanjan,Pass,,TU-DAT-Dipayan
TU-DAT,Negative_Videos,v5.mov,"Morning, Clear",3.25,186,2386x1332,8,0,0,0,0,8,2.46,Dipayan,Swapnanjan,Pass,,TU-DAT-Dipayan
TU-DAT,Negative_Videos,v50.mov,"Morning, Clear",6.95,403,2390x1330,11,4,0,1,0,16,2.3,Dipayan,Swapnanjan,Pass,,TU-DAT-Dipayan
TU-DAT,Negative_Videos,v51.mov,"Morning, Clear",4.28,248,2386x1332,14,0,1,0,0,15,3.5,Dipayan,Swapnanjan,Pass,,TU-DAT-Dipayan
TU-DAT,Negative_Videos,v6.mov,"Morning, Clear",2.78,158,2386x1332,12,0,0,0,0,12,4.32,Dipayan,Swapnanjan,Pass,,TU-DAT-Dipayan
TU-DAT,Negative_Videos,v7.mov,"Night, Clear",4.43,257,2386x1332,5,0,1,0,0,6,1.35,Dipayan,Swapnanjan,Pass,,TU-DAT-Dipayan
TU-DAT,Negative_Videos,v8.mov,"Morning, Cloudy",2.45,138,2386x1332,5,0,0,0,0,5,2.04,Dipayan,Swapnanjan,Pass,,TU-DAT-Dipayan
TU-DAT,Negative_Videos,v9.mov,"Night, Clear",4.15,226,2386x1332,2,2,0,0,0,4,0.96,Dipayan,Swapnanjan,Pass,,TU-DAT-Dipayan
TU-DAT,challenging-environment,motorbike2.mov,"Night, Clear",11,687,2370x1240,3,0,0,0,0,3,0.27,Joydeep,Dipayan,Pass,,TU-DAT-Joydeep
TU-DAT,challenging-environment,motorbike3.mov,"Morning, Foggy",11,747,2370x1240,8,4,0,0,0,12,1.09,Joydeep,Dipayan,Pass,,TU-DAT-Joydeep
TU-DAT,challenging-environment,motorbike4.mov,"Morning, Clear",6,407,1786x1246,3,1,1,0,0,5,0.83,Dipayan,Devjyoti,Pass,,TU-DAT-Dipayan
TU-DAT,challenging-environment,motorbike5.mov,"Morning, Clear",8,544,1786x1246,7,0,0,3,1,11,1.38,Dipayan,Devjyoti,Pass,,TU-DAT-Dipayan
TU-DAT,challenging-environment,v29.mov,"Morning, Clear",13,831,2370x1240,9,4,0,0,0,13,1,Dipayan,Devjyoti,Pass,,TU-DAT-Dipayan
TU-DAT,challenging-environment,v30.mov,"Morning, Clear",23,1432,2370x1240,28,0,4,0,1,33,1.43,Dipayan,Devjyoti,Pass,,TU-DAT-Dipayan
TU-DAT,challenging-environment,v31.mov,"Morning, Clear",6,423,2370x1240,3,0,2,0,0,5,0.83,Dipayan,Devjyoti,Pass,,TU-DAT-Dipayan
TU-DAT,challenging-environment,v32.mov,"Night, Clear",13,806,1786x1246,11,0,0,0,0,11,0.85,Dipayan,Devjyoti,Pass,,TU-DAT-Dipayan
TU-DAT,challenging-environment,v33.mov,"Morning, Clear",4,258,1786x1246,8,2,0,0,0,10,2.5,Dipayan,Devjyoti,Pass,,TU-DAT-Dipayan
TU-DAT,challenging-environment,v34.mov,"Morning, Clear",4,247,1786x1246,4,0,0,0,0,4,1,Dipayan,Devjyoti,Pass,,TU-DAT-Dipayan
TU-DAT,challenging-environment,v35.mov,"Morning, Rainy",2,172,1786x1246,10,0,0,0,0,10,5,Joydeep,Devjyoti,Pass,,TU-DAT-Joydeep
TU-DAT,challenging-environment,v36.mov,"Night, Clear",5,330,2362x1236,6,0,0,0,0,6,1.2,Dipayan,Devjyoti,Pass,,TU-DAT-Dipayan
TU-DAT,challenging-environment,v37.mov,"Afternoon, Clear",5,289,2366x1230,3,1,0,0,0,4,0.8,Joydeep,Devjyoti,Pass,,TU-DAT-Joydeep
TU-DAT,challenging-environment,v38.mov,"Morning, Clear",5,310,2368x1234,11,0,0,0,0,11,2.2,Dipayan,Devjyoti,Pass,,TU-DAT-Dipayan
TU-DAT,challenging-environment,v39.mov,"Morning, Cloudy",4,280,2368x1234,9,0,0,0,0,9,2.25,Dipayan,Devjyoti,Pass,,TU-DAT-Dipayan
TU-DAT,challenging-environment,v40.mov,"Night, Clear",5,331,2382x1242,7,3,0,0,0,10,2,Dipayan,Devjyoti,Pass,,TU-DAT-Dipayan
TU-DAT,challenging-environment,wrong_way1.mov,"Night, Clear",35,2133,2398x1344,15,0,0,0,0,15,0.43,Joydeep,Devjyoti,Pass,,TU-DAT-Joydeep
TU-DAT,challenging-environment,wrong_way2.mov,"Morning, Clear",6,238,888x524,6,0,0,0,0,6,1,Dipayan,Devjyoti,Pass,,TU-DAT-Dipayan
TU-DAT,Rash-Driving,cctv-v1.mp4,"Morning, Clear",71,2155,720p,235,7,0,0,0,242,3.41,Dipayan,Devjyoti,Pass,,TU-DAT-Dipayan
TU-DAT,Rash-Driving,cctv-v2.mp4,"Afternoon, Clear",40,1226,720p,106,2,0,0,0,108,2.7,Dipayan,Devjyoti,Pass,,TU-DAT-Dipayan
TU-DAT,Rash-Driving,v1.mp4,"Morning, Clear",142,4270,720p,225,46,0,0,0,271,1.91,Dipayan,Devjyoti,Pass,,TU-DAT-Dipayan
TU-DAT,Rash-Driving,v2.mp4,"Morning, Clear",26,826,720p,34,2,0,0,0,36,1.38,Dipayan,Devjyoti,Pass,,TU-DAT-Dipayan
TU-DAT,Rash-Driving,v3.mp4,"Morning, Clear",35,1173,720p,72,2,1,0,0,75,2.14,Dipayan,Devjyoti,Pass,,TU-DAT-Dipayan
TU-DAT,Rash-Driving,v4.mp4,"Afternoon, Clear",45,1415,720p,50,3,0,0,0,53,1.18,Dipayan,Devjyoti,Pass,,TU-DAT-Dipayan
TU-DAT,Rash-Driving,v5.mp4,"Morning, Clear",105,3165,720p,47,0,0,0,0,47,0.45,Dipayan,Devjyoti,Pass,,TU-DAT-Dipayan
TU-DAT,Rash-Driving,v6.mp4,"Morning, Clear",36,1027,720p,34,15,0,0,0,49,1.36,Dipayan,Devjyoti,Pass,,TU-DAT-Dipayan
TU-DAT,Rash-Driving,v7.mp4,"Morning, Clear",111,3502,720p,112,2,0,0,0,114,1.03,Dipayan,Devjyoti,Pass,,TU-DAT-Dipayan
TU-DAT,Rash-Driving,v8.mp4,"Morning, Cloudy",380,11523,720p,302,23,0,0,0,325,0.86,Dipayan,Devjyoti,Pass,,TU-DAT-Dipayan
TU-DAT,Rash-Driving,v9.mp4,"Morning, Clear",8,289,720p,10,3,0,0,0,13,1.63,Dipayan,Devjyoti,Pass,,TU-DAT-Dipayan
TU-DAT,beanNG,v1.mp4,"Morning, Clear",8,316,720p,8,1,0,0,0,9,1.13,Dipayan,Devjyoti,Pass,,TU-DAT-Dipayan
TU-DAT,beanNG,v10.mp4,"Morning, Clear",13,547,720p,6,0,0,0,0,6,0.46,Dipayan,Devjyoti,Pass,,TU-DAT-Dipayan
TU-DAT,beanNG,v2.mp4,"Morning, Clear",12,493,720p,6,0,0,0,0,6,0.5,Dipayan,Devjyoti,Pass,,TU-DAT-Dipayan
TU-DAT,beanNG,v3.mp4,"Morning, Clear",10,350,720p,5,2,0,0,0,7,0.7,Dipayan,Devjyoti,Pass,,TU-DAT-Dipayan
TU-DAT,beanNG,v4.mp4,"Morning, Clear",20,676,720p,10,0,0,0,0,10,0.5,Dipayan,Devjyoti,Pass,,TU-DAT-Dipayan
TU-DAT,beanNG,v5.mp4,"Morning, Clear",23,713,720p,8,0,0,0,0,8,0.35,Dipayan,Devjyoti,Pass,,TU-DAT-Dipayan
TU-DAT,beanNG,v6.mp4,"Morning, Clear",11,470,480p,11,0,0,0,0,11,1,Dipayan,Devjyoti,Pass,,TU-DAT-Dipayan
TU-DAT,beanNG,v7.mp4,"Morning, Clear",10,442,720p,6,0,0,0,0,6,0.6,Dipayan,Devjyoti,Pass,,TU-DAT-Dipayan
TU-DAT,beanNG,v8.mp4,"Morning, Clear",12,519,720p,12,0,0,0,0,12,1,Dipayan,Devjyoti,Pass,,TU-DAT-Dipayan
TU-DAT,beanNG,v9.mp4,"Morning, Clear",11,349,720p,3,1,0,0,0,4,0.36,Dipayan,Devjyoti,Pass,,TU-DAT-Dipayan
QMUL,NONE,one long video,"Morning, Clear",3000.03,90000,288p,3651,666,186,48,0,4551,1.52,Joydeep,Dipayan,Pass,,QMUL-Joydeep
CADP,CADP_Dataset,v1.mp4,"Afternoon,Clear",12.03,360,352x240,14,5,0,0,0,19,1.58,Devjyoti,Swapnanjan,Pass,,CADP-Devjyoti
CADP,CADP_Dataset,v10.mp4,"Afternoon,Clear",23.92,717,480x270,21,4,0,0,0,25,1.05,Devjyoti,Swapnanjan,Pass,,CADP-Devjyoti
CADP,CADP_Dataset,v11.mp4,"Afternoon,Clear",104.27,3125,640x360,31,2,3,23,0,59,0.57,Devjyoti,Swapnanjan,Pass,,CADP-Devjyoti
CADP,CADP_Dataset,v12.mp4,"Afternoon,Clear",65,1617,320x240,20,1,1,1,0,23,0.35,Devjyoti,Swapnanjan,Pass,,CADP-Devjyoti
CADP,CADP_Dataset,v13.mp4,"Afternoon,Clear",19.21,269,320x240,10,1,0,1,0,12,0.62,Devjyoti,Swapnanjan,Pass,,CADP-Devjyoti
CADP,CADP_Dataset,v14.mp4,"Afternoon,Clear",170,4080,320x240,158,30,9,41,0,238,1.4,Devjyoti,Swapnanjan,Pass,,CADP-Devjyoti
CADP,CADP_Dataset,v15.mp4,"Afternoon,Clear",247.08,7405,1280x720,168,17,9,14,0,208,0.84,Devjyoti,Swapnanjan,Pass,,CADP-Devjyoti
CADP,CADP_Dataset,v16.mp4,"Afternoon,Clear",96.9,2907,1280x720,19,0,0,24,0,43,0.44,Devjyoti,Swapnanjan,Pass,,CADP-Devjyoti
CADP,CADP_Dataset,v17.mp4,Afternoon Sunny+Rainy,618.84,15471,1280x720,285,38,4,2,0,329,0.53,Devjyoti,Swapnanjan,Pass,,CADP-Devjyoti
CADP,CADP_Dataset,v18.mp4,"Night,Dark",150.07,4502,1280x720,7,1,0,0,0,8,0.05,Devjyoti,Swapnanjan,Pass,,CADP-Devjyoti
CADP,CADP_Dataset,v19.mp4,"Afternoon,Clear",281.88,8448,1280x720,116,17,0,2,0,135,0.48,Devjyoti,Swapnanjan,Pass,,CADP-Devjyoti
CADP,CADP_Dataset,v2.mp4,"Afternoon,Clear",13.15,394,396x360,1,2,0,0,0,3,0.23,Devjyoti,Dipayan,Pass,,CADP-Devjyoti
CADP,CADP_Dataset,v20.mp4,"Afternoon,Clear",337.87,10136,1280x720,272,33,11,0,0,316,0.94,Devjyoti,Dipayan,Pass,,CADP-Devjyoti
CADP,CADP_Dataset,v21.mp4,"Afternoon,Clear",389.96,11687,480x360,24,0,0,10,2,36,0.09,Devjyoti,Dipayan,Pass,,CADP-Devjyoti
CADP,CADP_Dataset,v22.mp4,"Afternoon,Clear",1082.5,32475,640x360,523,121,47,0,0,691,0.64,Devjyoti,Joydeep,Pass,,CADP-Devjyoti
CADP,CADP_Dataset,v23.mp4,"Afternoon,Clear",543.56,13589,1280x720,220,46,49,33,0,348,0.64,Devjyoti,Joydeep,Pass,,CADP-Devjyoti
CADP,CADP_Dataset,v24.mp4,"Afternoon,Clear",9.9,286,352x288,4,0,3,0,0,7,0.71,Devjyoti,Joydeep,Pass,,CADP-Devjyoti
CADP,CADP_Dataset,v25.mp4,"Afternoon,Clear",187.85,5630,450x338,133,11,10,0,0,154,0.82,Devjyoti,Joydeep,Pass,,CADP-Devjyoti
CADP,CADP_Dataset,v26.mp4,"Afternoon,Clear",145.23,4357,480x360,127,4,0,0,0,131,0.9,Devjyoti,Joydeep,Pass,,CADP-Devjyoti
CADP,CADP_Dataset,v27.mp4,"Afternoon,Clear",19.89,596,320x212,17,4,1,0,0,22,1.11,Devjyoti,Joydeep,Pass,,CADP-Devjyoti
CADP,CADP_Dataset,v28.mp4,"Afternoon,Clear",68.17,1969,1280x720,75,0,0,0,0,75,1.1,Devjyoti,Joydeep,Pass,,CADP-Devjyoti
CADP,CADP_Dataset,v29.mp4,"Afternoon,Clear",37.7,1130,480x360,7,2,0,0,0,9,0.24,Devjyoti,Joydeep,Pass,,CADP-Devjyoti
CADP,CADP_Dataset,v3.mp4,"Afternoon,Clear",35.9,1077,480x360,12,1,0,20,0,33,0.92,Devjyoti,Joydeep,Pass,,CADP-Devjyoti
CADP,CADP_Dataset,v30.mp4,"Afternoon,Clear",147.77,4433,320x240,113,1,0,0,0,114,0.77,Devjyoti,Dipayan,Pass,,CADP-Devjyoti
CADP,CADP_Dataset,v31.mp4,"Afternoon,Clear",25.64,751,406x720,0,0,0,2,0,2,0.08,Devjyoti,Joydeep,Pass,,CADP-Devjyoti
CADP,CADP_Dataset,v32.mp4,"Afternoon,Clear",182.53,5476,1280x720,174,28,15,87,0,304,1.67,Devjyoti,Joydeep,Pass,,CADP-Devjyoti
CADP,CADP_Dataset,v33.mp4,"Afternoon,Clear",354.19,10615,480x360,151,29,45,110,0,335,0.95,Devjyoti,Joydeep,Pass,,CADP-Devjyoti
CADP,CADP_Dataset,v34.mp4,"Afternoon,Clear",381.76,9496,1280x720,263,18,15,0,0,296,0.78,Devjyoti,Joydeep,Pass,,CADP-Devjyoti
CADP,CADP_Dataset,v35.mp4,"Afternoon,Clear",653.84,16346,480x360,447,112,2,0,0,561,0.86,Devjyoti,Joydeep,Pass,,CADP-Devjyoti
CADP,CADP_Dataset,v36.mp4,"Afternoon,Clear",568,17040,1280x720,325,76,45,232,0,678,1.19,Devjyoti,Joydeep,Pass,,CADP-Devjyoti
CADP,CADP_Dataset,v37.mp4,"Morning,Clear",497.92,12448,1280x720,326,65,11,5,0,407,0.82,Devjyoti,Joydeep,Pass,,CADP-Devjyoti
CADP,CADP_Dataset,v38.mp4,"Afternoon,Clear",621.35,18605,1280x720,450,59,9,0,0,518,0.83,Devjyoti,Joydeep,Pass,,CADP-Devjyoti
CADP,CADP_Dataset,v39.mp4,"Afternoon,Clear",179.85,5390,1280x720,7,0,0,0,0,7,0.04,Devjyoti,Joydeep,Pass,,CADP-Devjyoti
CADP,CADP_Dataset,v4.mp4,"Afternoon,Clear",12.04,361,320x240,6,1,0,0,0,7,0.58,Devjyoti,Joydeep,Pass,,CADP-Devjyoti
CADP,CADP_Dataset,v40.mp4,"Afternoon,Clear",58.8,1470,480x360,40,0,0,0,0,40,0.68,Devjyoti,Joydeep,Pass,,CADP-Devjyoti
CADP,CADP_Dataset,v41.mp4,"Afternoon,Clear",145.76,3644,1280x720,100,21,6,4,0,131,0.9,Devjyoti,Joydeep,Pass,,CADP-Devjyoti
CADP,CADP_Dataset,v42.mp4,"Afternoon,Clear",20.08,482,640x358,11,0,0,0,0,11,0.55,Devjyoti,Joydeep,Pass,,CADP-Devjyoti
CADP,CADP_Dataset,v43.mp4,"Night,Dark",903.6,27081,640x360,796,75,52,9,0,932,1.03,Devjyoti,Joydeep,Pass,,CADP-Devjyoti
CADP,CADP_Dataset,v44.mp4,"Afternoon,Clear",107.21,3213,1280x720,67,11,0,0,0,78,0.73,Devjyoti,Joydeep,Pass,,CADP-Devjyoti
CADP,CADP_Dataset,v45.mp4,"Afternoon,Clear",217.25,6511,1280x720,150,20,2,6,0,178,0.82,Devjyoti,Joydeep,Pass,,CADP-Devjyoti
CADP,CADP_Dataset,v46.mp4,"Afternoon,Clear",302.54,9067,1280x720,292,23,10,0,0,325,1.07,Devjyoti,Joydeep,Pass,,CADP-Devjyoti
CADP,CADP_Dataset,v47.mp4,"Afternoon,Clear",298.87,8957,400x230,52,19,3,31,0,105,0.35,Devjyoti,Joydeep,Pass,,CADP-Devjyoti
CADP,CADP_Dataset,v48.mp4,"Afternoon,Clear",56.4,1692,392x296,13,13,3,9,0,38,0.67,Devjyoti,Joydeep,Pass,,CADP-Devjyoti
CADP,CADP_Dataset,v49.mp4,"Afternoon,Clear",51.77,1553,640x360,2,6,0,0,0,8,0.15,Devjyoti,Joydeep,Pass,,CADP-Devjyoti
CADP,CADP_Dataset,v5.mp4,"Morning,Clear",45.15,1353,1280x720,4,7,0,0,0,11,0.24,Devjyoti,Joydeep,Pass,,CADP-Devjyoti
CADP,CADP_Dataset,v50.mp4,"Afternoon,Clear",66.92,1674,1280x720,40,3,0,0,0,43,0.64,Devjyoti,Dipayan,Pass,,CADP-Devjyoti
CADP,CADP_Dataset,v51.mp4,"Afternoon,Clear",126.37,3791,1280x720,65,4,0,0,0,69,0.55,Devjyoti,Joydeep,Pass,,CADP-Devjyoti
CADP,CADP_Dataset,v52.mp4,"Afternoon,Clear",68.9,1652,300x240,24,2,12,1,0,39,0.57,Devjyoti,Joydeep,Pass,,CADP-Devjyoti
CADP,CADP_Dataset,v53.mp4,"Afternoon,Clear",156.02,4676,1280x720,119,12,4,0,0,135,0.87,Devjyoti,Joydeep,Pass,,CADP-Devjyoti
CADP,CADP_Dataset,v54.mp4,"Afternoon,Clear",757.53,22726,1280x720,599,86,25,5,0,715,0.94,Devjyoti,Joydeep,Pass,,CADP-Devjyoti
CADP,CADP_Dataset,v55.mp4,"Afternoon,Clear",21.84,546,492x360,11,1,7,3,0,22,1.01,Devjyoti,Joydeep,Pass,,CADP-Devjyoti
CADP,CADP_Dataset,v56.mp4,"Afternoon,Clear",525.56,15751,640x360,76,41,6,4,0,127,0.24,Devjyoti,Joydeep,Pass,,CADP-Devjyoti
CADP,CADP_Dataset,v57.mp4,"Afternoon,Clear",609.01,18252,1280x720,361,58,18,1,0,438,0.72,Devjyoti,Joydeep,Pass,,CADP-Devjyoti
CADP,CADP_Dataset,v58.mp4,"Afternoon,Clear",226.8,5670,640x350,96,23,28,12,0,159,0.7,Devjyoti,Joydeep,Pass,,CADP-Devjyoti
CADP,CADP_Dataset,v59.mp4,"Afternoon,Clear",299.68,7454,440x360,78,0,0,0,0,78,0.26,Devjyoti,Joydeep,Pass,,CADP-Devjyoti
CADP,CADP_Dataset,v6.mp4,"Afternoon,Clear",22.04,551,492x360,13,4,0,0,0,17,0.77,Devjyoti,Joydeep,Pass,,CADP-Devjyoti
CADP,CADP_Dataset,v60.mp4,"Afternoon,Clear",51.07,1532,1280x720,4,7,0,0,0,11,0.22,Devjyoti,Joydeep,Pass,,CADP-Devjyoti
CADP,CADP_Dataset,v61.mp4,"Night,Dark",24.6,738,640x360,13,0,0,0,0,13,0.53,Devjyoti,Joydeep,Pass,,CADP-Devjyoti
CADP,CADP_Dataset,v62.mp4,"Afternoon,Clear",73.77,1794,1280x720,57,4,1,1,0,63,0.85,Devjyoti,Joydeep,Pass,,CADP-Devjyoti
CADP,CADP_Dataset,v63.mp4,"Afternoon,Clear",49.27,1478,400x300,14,11,2,10,0,37,0.75,Devjyoti,Joydeep,Pass,,CADP-Devjyoti
CADP,CADP_Dataset,v64.mp4,"Afternoon,Clear",578.13,14237,640x360,190,36,7,63,0,296,0.51,Devjyoti,Joydeep,Pass,,CADP-Devjyoti
CADP,CADP_Dataset,v65.mp4,"Afternoon,Clear",12.03,360,352x240,14,5,0,0,0,19,1.58,Devjyoti,Joydeep,Pass,,CADP-Devjyoti
CADP,CADP_Dataset,v66.mp4,"Afternoon,Clear",10.96,263,1280x720,1,1,2,0,0,4,0.36,Devjyoti,Joydeep,Pass,,CADP-Devjyoti
CADP,CADP_Dataset,v67.mp4,"Afternoon,Clear",172.67,5180,1280x720,70,20,1,1,0,92,0.53,Devjyoti,Joydeep,Pass,,CADP-Devjyoti
CADP,CADP_Dataset,v68.mp4,"Morning,Clear",90.07,2702,640x360,52,20,0,0,0,72,0.8,Devjyoti,Joydeep,Pass,,CADP-Devjyoti
CADP,CADP_Dataset,v69.mp4,"Afternoon,Clear",300,9000,640x356,82,44,6,20,0,152,0.51,Devjyoti,Joydeep,Pass,,CADP-Devjyoti
CADP,CADP_Dataset,v7.mp4,"Afternoon,Clear",22.04,551,492x360,14,6,0,0,0,20,0.91,Devjyoti,Joydeep,Pass,,CADP-Devjyoti
CADP,CADP_Dataset,v70.mp4,"Afternoon,Clear",732.2,18305,1280x720,167,43,11,24,0,245,0.33,Devjyoti,Joydeep,Pass,,CADP-Devjyoti
CADP,CADP_Dataset,v71.mp4,"Afternoon,Clear",69.27,1031,540x360,10,4,0,0,0,14,0.2,Devjyoti,Joydeep,Pass,,CADP-Devjyoti
CADP,CADP_Dataset,v72.mp4,"Afternoon,Clear",144.52,3613,1280x720,200,12,7,6,0,225,1.56,Devjyoti,Joydeep,Pass,,CADP-Devjyoti
CADP,CADP_Dataset,v73.mp4,"Afternoon,Clear",44.81,1343,640x360,35,13,0,6,0,54,1.21,Devjyoti,Joydeep,Pass,,CADP-Devjyoti
CADP,CADP_Dataset,v74.mp4,"Night,Dark",271.47,8136,400x226,185,22,9,3,0,219,0.81,Devjyoti,Joydeep,Pass,,CADP-Devjyoti
CADP,CADP_Dataset,v75.mp4,"Afternoon,Clear",87.5,875,422x360,13,1,5,0,0,19,0.22,Devjyoti,Joydeep,Pass,,CADP-Devjyoti
CADP,CADP_Dataset,v76.mp4,"Afternoon,Clear",422.39,12659,640x360,176,24,25,78,0,303,0.72,Devjyoti,Joydeep,Pass,,CADP-Devjyoti
CADP,CADP_Dataset,v77.mp4,"Afternoon,Clear",597.83,17917,1280x720,434,68,17,0,0,519,0.87,Devjyoti,Joydeep,Pass,,CADP-Devjyoti
CADP,CADP_Dataset,v78.mp4,"Night,Dark",602.7,18063,1280x720,493,61,20,12,0,586,0.97,Devjyoti,Joydeep,Pass,,CADP-Devjyoti
CADP,CADP_Dataset,v79.mp4,"Afternoon,Clear",330.76,9913,1280x720,124,4,0,0,0,128,0.39,Devjyoti,Joydeep,Pass,,CADP-Devjyoti
CADP,CADP_Dataset,v8.mp4,"Afternoon,Clear",22.04,551,492x360,13,4,0,0,0,17,0.77,Devjyoti,Joydeep,Pass,,CADP-Devjyoti
CADP,CADP_Dataset,v80.mp4,"Afternoon,Clear",39.7,794,480x360,7,3,0,0,0,10,0.25,Devjyoti,Joydeep,Pass,,CADP-Devjyoti
CADP,CADP_Dataset,v81.mp4,"Afternoon,Clear",40.04,1200,1280x720,46,0,0,0,0,46,1.15,Devjyoti,Joydeep,Pass,,CADP-Devjyoti
CADP,CADP_Dataset,v82.mp4,"Afternoon,Clear",242.01,7253,1280x720,180,16,15,4,0,215,0.89,Devjyoti,Joydeep,Pass,,CADP-Devjyoti
CADP,CADP_Dataset,v9.mp4,"Afternoon,Clear",27.66,829,540x360,14,0,3,7,0,24,0.87,Devjyoti,Joydeep,Pass,,CADP-Devjyoti
Adverse_Weather,Adverse_Weather,v1.mov,"Morning, Rainy",17.4,1047,1330p,16,0,0,0,0,16,0.92,Dipayan,Swapnanjan,Pass,,Adverse_Weather-Dipayan
Adverse_Weather,Adverse_Weather,v2.mov,"Morning, Cloudy, Foggy",4,232,1234p,9,0,0,0,0,9,2.25,Dipayan,Swapnanjan,Pass,,Adverse_Weather-Dipayan
Adverse_Weather,Adverse_Weather,v3.mp4,"Morning, Rainy",76.2,875,360p,6,0,5,2,5,18,0.24,Dipayan,Swapnanjan,Pass,,Adverse_Weather-Dipayan
Adverse_Weather,Adverse_Weather,v4.mov,"Morning, Rainy",2,172,1246p,8,0,0,0,0,8,4,Dipayan,Swapnanjan,Pass,,Adverse_Weather-Dipayan
Adverse_Weather,Adverse_Weather,v5.mov,Morning Foggy,11,747,1240p,8,4,0,0,0,12,1.09,Dipayan,Swapnanjan,Pass,,Adverse_Weather-Dipayan
Adverse_Weather,Adverse_Weather,v6.mov,"Night, Foggy",11,687,1240p,3,0,0,0,0,3,0.27,Dipayan,Swapnanjan,Pass,,Adverse_Weather-Dipayan
Adverse_Weather,Adverse_Weather,v7.mov,"Afternoon, Foggy",5,289,1230p,3,1,0,0,0,4,0.8,Dipayan,Swapnanjan,Pass,,Adverse_Weather-Dipayan
Adverse_Weather,Adverse_Weather,v8.mp4,"Afternoon, Foggy",65,1617,240p,20,1,1,1,0,23,0.35,Dipayan,Swapnanjan,Pass,,Adverse_Weather-Dipayan
Low_Light,Low_Light,v1.mp4,"Night, Foggy, Low Light",390,11687,360p,64,0,1,0,0,65,0.17,Dipayan,Swapnanjan,Pass,,Low_Light-Dipayan
Low_Light,Low_Light,v2.mp4,"Night, Foggy, Low Light",13,394,360p,1,2,0,0,0,3,0.23,Dipayan,Swapnanjan,Pass,,Low_Light-Dipayan
Low_Light,Low_Light,v3.mp4,"Night, Foggy, Low Light",147,4433,240p,113,3,0,0,0,116,0.79,Dipayan,Swapnanjan,Pass,,Low_Light-Dipayan
Low_Light,Low_Light,v4.mp4,"Foggy, Low Light",66,1674,720p,29,3,0,0,0,32,0.48,Dipayan,Swapnanjan,Pass,,Low_Light-Dipayan
Low_Light,Low_Light,v5.mov,"Night, Low Light",35,2133,1344p,15,0,0,0,0,15,0.43,Dipayan,Swapnanjan,Pass,,Low_Light-Dipayan
Indian-Traffic-Dataset,Indian-Traffic-Videos,v1.mp4,"Clear, Morning",15,450,3840x2160,10,5,0,13,0,28,1.87,Joydeep,Swapnanjan,Pass,,Indian-Traffic-Dataset-Joydeep
Indian-Traffic-Dataset,Indian-Traffic-Videos,v2.mp4,"Clear, Morning",11,330,3840x2160,11,5,0,18,0,34,3.09,Joydeep,Swapnanjan,Pass,,
Indian-Traffic-Dataset,Indian-Traffic-Videos,v3.mp4,"Clear, Morning",17.37,521,1080x1920,38,12,3,14,0,67,3.86,Joydeep,Swapnanjan,Pass,,
Indian-Traffic-Dataset,Indian-Traffic-Videos,v4.mp4,"Clear, Morning",9.97,299,3840x2160,30,9,3,9,0,51,5.12,Joydeep,Swapnanjan,Pass,,
Indian-Traffic-Dataset,Indian-Traffic-Videos,v5.mp4,"Clear, Morning",10.63,319,3840x2160,20,11,2,11,0,44,4.14,Joydeep,Swapnanjan,Pass,,
Indian-Traffic-Dataset,Indian-Traffic-Videos,v6.mp4,"Clear, Morning",12.37,371,3840x2160,22,5,2,5,0,34,2.75,Joydeep,Swapnanjan,Pass,,
Indian-Traffic-Dataset,Indian-Traffic-Videos,v7.mp4,"Clear, Morning",21.17,635,3840x2160,25,3,1,16,0,45,2.13,Joydeep,Swapnanjan,Pass,,
Indian-Traffic-Dataset,Indian-Traffic-Videos,v8.mp4,"Clear, Morning",20.33,610,3840x2160,12,4,0,20,0,36,1.77,Joydeep,Swapnanjan,Pass,,
Indian-Traffic-Dataset,Indian-Traffic-Videos,v9.mp4,"Clear, Morning",10.3,309,3840x2160,26,3,1,10,0,40,3.88,Joydeep,Swapnanjan,Pass,,Indian-Traffic-Dataset-Joydeep
Indian-Traffic-Dataset,Indian-Traffic-Videos,v10.mp4,"Clear, Morning",11,330,3840x2160,30,11,1,6,0,48,4.36,Joydeep,Swapnanjan,Pass,,Indian-Traffic-Dataset-Joydeep
Indian-Traffic-Dataset,Indian-Traffic-Videos,v11.mp4,"Clear, Morning",11,330,3840x2160,22,9,0,6,0,37,3.36,Joydeep,Swapnanjan,Pass,,Indian-Traffic-Dataset-Joydeep
Indian-Traffic-Dataset,Indian-Traffic-Videos,v12.mp4,"Clear, Morning",11,330,3840x2160,28,8,4,5,0,45,4.09,Joydeep,Swapnanjan,Pass,,Indian-Traffic-Dataset-Joydeep
Indian-Traffic-Dataset,Indian-Traffic-Videos,v13.mp4,"Clear, Morning",11,330,3840x2160,27,10,0,27,0,64,5.82,Joydeep,Swapnanjan,Pass,,Indian-Traffic-Dataset-Joydeep
Indian-Traffic-Dataset,Indian-Traffic-Videos,v14.mp4,"Clear, Morning",11,330,3840x2160,35,9,0,20,0,64,5.82,Joydeep,Swapnanjan,Pass,,Indian-Traffic-Dataset-Joydeep
Indian-Traffic-Dataset,Indian-Traffic-Videos,v15.mp4,"Clear, Morning",11,330,3840x2160,24,8,5,15,0,52,4.73,Joydeep,Swapnanjan,Pass,,Indian-Traffic-Dataset-Joydeep
Indian-Traffic-Dataset,Indian-Traffic-Videos,v16.mp4,"Clear, Morning",11,330,3840x2160,20,4,6,23,0,53,4.82,Joydeep,Swapnanjan,Pass,,Indian-Traffic-Dataset-Joydeep
Indian-Traffic-Dataset,Indian-Traffic-Videos,v17.mp4,"Clear, Morning",11,330,3840x2160,19,4,3,20,0,46,4.18,Joydeep,Swapnanjan,Pass,,Indian-Traffic-Dataset-Joydeep
Indian-Traffic-Dataset,Indian-Traffic-Videos,v18.mp4,"Clear, Morning",11,330,3840x2160,18,8,0,14,0,40,3.64,Joydeep,Swapnanjan,Pass,,Indian-Traffic-Dataset-Joydeep
Indian-Traffic-Dataset,Indian-Traffic-Videos,v19.mp4,"Clear, Morning",15,450,3840x2160,24,10,2,23,0,59,3.93,Joydeep,Swapnanjan,Pass,,Indian-Traffic-Dataset-Joydeep
Indian-Traffic-Dataset,Indian-Traffic-Videos,v20.mp4,"Clear, Morning",11,330,3840x2160,36,16,1,19,0,72,6.55,Joydeep,Swapnanjan,Pass,,Indian-Traffic-Dataset-Joydeep
Indian-Traffic-Dataset,Indian-Traffic-Videos,v21.mp4,"Clear, Morning",11,330,3840x2160,32,15,4,19,0,70,6.36,Joydeep,Swapnanjan,Pass,,Indian-Traffic-Dataset-Joydeep
Indian-Traffic-Dataset,Indian-Traffic-Videos,v22.mp4,"Clear, Morning",11,330,3840x2160,36,9,4,16,0,65,5.91,Joydeep,Swapnanjan,Pass,,Indian-Traffic-Dataset-Joydeep
Indian-Traffic-Dataset,Indian-Traffic-Videos,v23.mp4,"Clear, Morning",13,390,3840x2160,65,3,0,3,0,71,5.46,Joydeep,Swapnanjan,Pass,,Indian-Traffic-Dataset-Joydeep
Indian-Traffic-Dataset,Indian-Traffic-Videos,v24.mp4,"Clear, Morning",13,390,3840x2160,62,5,2,1,0,70,5.38,Joydeep,Swapnanjan,Pass,,Indian-Traffic-Dataset-Joydeep
Indian-Traffic-Dataset,Indian-Traffic-Videos,v25.mp4,"Clear, Morning",13,390,3840x2160,62,2,0,0,0,64,4.92,Joydeep,Swapnanjan,Pass,,Indian-Traffic-Dataset-Joydeep
Indian-Traffic-Dataset,Indian-Traffic-Videos,v26.mp4,"Clear, Morning",13,390,3840x2160,58,2,0,7,0,67,5.15,Joydeep,Swapnanjan,Pass,,Indian-Traffic-Dataset-Joydeep
Indian-Traffic-Dataset,Indian-Traffic-Videos,v27.mp4,"Clear, Morning",13,390,3840x2160,42,8,5,10,0,65,5,Joydeep,Swapnanjan,Pass,,Indian-Traffic-Dataset-Joydeep
Indian-Traffic-Dataset,Indian-Traffic-Videos,v28.mp4,"Clear, Morning",20.2,606,3840x2160,26,17,1,38,0,82,4.06,Joydeep,Swapnanjan,Pass,,
Indian-Traffic-Dataset,Indian-Traffic-Videos,v29.mp4,"Clear, Morning",18.73,562,3840x2160,32,3,8,15,0,58,3.1,Joydeep,Swapnanjan,Pass,,
Indian-Traffic-Dataset,Indian-Traffic-Videos,v30.mp4,"Clear, Morning",12.73,382,3840x2160,8,0,0,3,0,11,0.86,Joydeep,Swapnanjan,Pass,,
Indian-Traffic-Dataset,Indian-Traffic-Videos,v31.mp4,"Clear, Morning",20.83,625,3840x2160,26,1,1,20,0,48,2.3,Joydeep,Swapnanjan,Pass,,
Indian-Traffic-Dataset,Indian-Traffic-Videos,v32.mp4,"Clear, Morning",9.74,292,1920x1080,21,4,2,16,0,43,4.41,Joydeep,Swapnanjan,Pass,,
Indian-Traffic-Dataset,Indian-Traffic-Videos,v33.mp4,"Clear, Morning",13,390,3840x2160,45,10,1,2,0,58,4.46,Joydeep,Swapnanjan,Pass,,Indian-Traffic-Dataset-Joydeep
Indian-Traffic-Dataset,Indian-Traffic-Videos,v34.mp4,"Clear, Morning",13,390,3840x2160,56,12,1,11,0,80,6.15,Joydeep,Swapnanjan,Pass,,Indian-Traffic-Dataset-Joydeep
Indian-Traffic-Dataset,Indian-Traffic-Videos,v35.mp4,"Clear, Morning",15,450,3840x2160,20,5,0,13,0,38,2.53,Joydeep,Swapnanjan,Pass,,Indian-Traffic-Dataset-Joydeep
Indian-Traffic-Dataset,Indian-Traffic-Videos,v36.mp4,"Clear, Morning",13,390,3840x2160,56,6,2,8,0,72,5.54,Joydeep,Swapnanjan,Pass,,Indian-Traffic-Dataset-Joydeep
Indian-Traffic-Dataset,Indian-Traffic-Videos,v37.mp4,"Clear, Morning",15,375,1920x1080,19,10,4,13,0,46,3.07,Joydeep,Swapnanjan,Pass,,Indian-Traffic-Dataset-Joydeep
Indian-Traffic-Dataset,Indian-Traffic-Videos,v38.mp4,"Clear, Morning",15,375,1920x1080,26,12,3,14,0,55,3.67,Joydeep,Swapnanjan,Pass,,Indian-Traffic-Dataset-Joydeep
Indian-Traffic-Dataset,Indian-Traffic-Videos,v39.mp4,"Clear, Morning",20,600,3840x2160,55,11,5,12,0,83,4.15,Joydeep,Swapnanjan,Pass,,Indian-Traffic-Dataset-Joydeep
Indian-Traffic-Dataset,Indian-Traffic-Videos,v40.mp4,"Clear, Morning",20,600,3840x2160,67,10,1,12,0,90,4.5,Joydeep,Swapnanjan,Pass,,Indian-Traffic-Dataset-Joydeep
Indian-Traffic-Dataset,Indian-Traffic-Videos,v41.mp4,"Clear, Morning",12,360,3840x2160,26,2,1,1,0,30,2.5,Joydeep,Swapnanjan,Pass,,Indian-Traffic-Dataset-Joydeep
Indian-Traffic-Dataset,Indian-Traffic-Videos,v42.mp4,"Clear, Morning",12,360,3840x2160,16,1,0,1,0,18,1.5,Joydeep,Swapnanjan,Pass,,Indian-Traffic-Dataset-Joydeep
Indian-Traffic-Dataset,Indian-Traffic-Videos,v43.mp4,"Clear, Morning",11,330,3840x2160,25,12,1,1,0,39,3.55,Joydeep,Swapnanjan,Pass,,Indian-Traffic-Dataset-Joydeep
Indian-Traffic-Dataset,Indian-Traffic-Videos,v44.mp4,"Clear, Morning",11,330,3840x2160,24,13,2,11,0,50,4.55,Joydeep,Swapnanjan,Pass,,Indian-Traffic-Dataset-Joydeep
,,,,,,,,,,,,,,,,,,
,,,,,,,,,,,,,,,,,,
,,,,,,,,,,,,,,,,,,
,,,,,,,,,,,,,,,,,,
,,,,,,,,,,,,,,,,,,
,,,,,,,,,,,,,,,,,,
,,,,,,,,,,,,,,,,,,
,,,,,,,,,,,,,,,,,,
,,,,,,,,,,,,,,,,,,
,,,,,,,,,,,,,,,,,,
,,,,,,,,,,,,,,,,,,
,,,,,,,,,,,,,,,,,,
,,,,,,,,,,,,,,,,,,-
,,,,,,,,,,,,,,,,,,-
,,,,,,,,,,,,,,,,,,-
,,,,,,,,,,,,,,,,,,-
,,,,,,,,,,,,,,,,,,-
,,,,,,,,,,,,,,,,,,-
,,,,,,,,,,,,,,,,,,-
,,,,,,,,,,,,,,,,,,-
,,,,,,,,,,,,,,,,,,-
,,,,,,,,,,,,,,,,,,-
,,,,,,,,,,,,,,,,,,-
,,,,,,,,,,,,,,,,,,-
,,,,,,,,,,,,,,,,,,-
,,,,,,,,,,,,,,,,,,-
,,,,,,,,,,,,,,,,,,-
,,,,,,,,,,,,,,,,,,-
,,,,,,,,,,,,,,,,,,-
,,,,,,,,,,,,,,,,,,-
,,,,,,,,,,,,,,,,,,-
,,,,,,,,,,,,,,,,,,-
,,,,,,,,,,,,,,,,,,-
,,,,,,,,,,,,,,,,,,-
,,,,,,,,,,,,,,,,,,-
,,,,,,,,,,,,,,,,,,-
,,,,,,,,,,,,,,,,,,-
,,,,,,,,,,,,,,,,,,-
,,,,,,,,,,,,,,,,,,-
,,,,,,,,,,,,,,,,,,-
,,,,,,,,,,,,,,,,,,-
,,,,,,,,,,,,,,,,,,-
,,,,,,,,,,,,,,,,,,-
,,,,,,,,,,,,,,,,,,-
,,,,,,,,,,,,,,,,,,-
,,,,,,,,,,,,,,,,,,-
,,,,,,,,,,,,,,,,,,-
,,,,,,,,,,,,,,,,,,-
,,,,,,,,,,,,,,,,,,-
